scenario,radar_mean,radar_std,radar_nz_mean,radar_nz_std,lidar_mean,lidar_std,lidar_nz_mean,lidar_nz_std,baro_mean,baro_std,gnss_mean,gnss_std
grass with reflector,15.982785497794813,32.20390993045987,80.86812363809614,0.46846158714781194,61.933789898699914,22.077672217986724,80.86812363809614,22.077672217986724,272.0345579545937,0.25260564514802036,255.63582089552247,0.33040070314392556
forest,40.17858098240222,34.0058463366148,68.5126091896454,5.536572448802674,37.22576609657657,29.30905515972853,68.5126091896454,29.30905515972853,271.87487236111906,0.29067191072068366,255.94482758620688,0.07233164470140621
lake,56.718430074713126,39.95509641217512,84.74915999580686,3.1286039833120465,41.839568755518144,23.265729304494396,84.74915999580686,23.265729304494396,271.89547741508665,0.27715195658502134,256.0545454545454,0.2912335852552675
asphalt with reflector,52.07123177494835,37.948584153176576,79.70903940934402,1.2124675335397648,16.46360575100118,22.877149823896307,79.70903940934402,22.877149823896307,271.79689378502337,0.27771649358611267,255.12405063291138,0.10816676046373642
asphalt,47.89003909986044,39.27055166815314,80.09196194287004,0.20400198742407008,38.7439706262519,31.529257409480653,80.09196194287004,31.529257409480653,271.5351366363455,0.27771325141649106,251.67402597402594,0.1121253906189588
grass,7.992166416619414,24.04886416407717,80.35367316168708,0.4773470836888239,67.49514077853259,14.044034538843023,80.35367316168708,14.044034538843023,271.3815036423834,0.2676994864785591,257.2567567567568,0.38241094390971003
