scenario,radar_mean,radar_std,radar_nz_mean,radar_nz_std,lidar_mean,lidar_std,lidar_nz_mean,lidar_nz_std,baro_mean,baro_std,gnss_mean,gnss_std
grass with reflector,20.116087536902945,24.736757651745993,50.5316118927002,0.40664688904808444,50.04706507959462,0.5108162287021961,50.04706507959462,0.5108162287021961,234.9853235564211,0.2687949070323918,221.23387096774198,0.27704870212776894
forest,33.67572598260647,14.177663882678734,39.179152018674465,4.270344539175602,42.709158648363776,1.8596074030855898,42.709158648363776,1.8596074030855898,234.75915176345944,0.43475259053307125,221.99999999999997,0.08635755391768526
lake,52.950633077248014,24.757048268850404,61.39458785368623,13.865004355171743,55.357502741329384,0.39653900975688244,55.357502741329384,0.39653900975688244,234.1856250780686,0.2703833468999226,222.58428571428578,0.19685797221471263
asphalt with reflector,31.445467115162376,23.581919470354553,49.07843932927212,1.5949383336242644,40.991356031665106,13.484612789875115,44.027752774751406,7.849732484625783,234.17197095926107,0.32508999264203015,222.0409090909091,0.17750567445242815
asphalt,32.15240072643788,23.859663253831084,49.855746875407725,0.34877887141159186,49.27834294047225,2.0746433526648222,49.27834294047225,2.0746433526648222,234.29773862414936,0.5294044370414895,222.4328947368421,0.10807911076071372
grass,12.374034990895444,21.312228173095306,49.07429786161943,0.5658434459902012,48.53962091123014,0.3058554569483907,48.53962091123014,0.3058554569483907,232.9268981190383,0.6527701188090288,222.28550724637677,0.13435337605595285
