scenario,radar_mean,radar_std,radar_nz_mean,radar_nz_std,lidar_mean,lidar_std,lidar_nz_mean,lidar_nz_std,baro_mean,baro_std,gnss_mean,gnss_std
grass with reflector,22.364845599907245,25.027053895883917,50.369521829356316,0.27330809113887694,49.077252415691945,0.44925551215542164,49.077252415691945,0.44925551215542164,235.68772383740983,0.2163002897205167,225.2862745098039,0.06573746907545133
forest,31.55069711191933,16.306628229632864,39.467477199043,4.491393831377317,44.05324770830309,0.6278788854524276,44.05324770830309,0.6278788854524276,235.41427714617956,0.2025084594955272,224.8268656716418,0.17154442403813777
lake,45.52861506848187,30.920986358947136,62.064951673543675,16.644695485464762,49.6490534721054,4.130527024696202,49.6490534721054,4.130527024696202,235.41302963889981,0.2139020778481636,225.02631578947367,0.09827693736253924
asphalt with reflector,47.834401068927576,9.715393213364203,49.805106730943315,0.35544240283733336,46.26700754030423,2.9016002742383216,46.26700754030423,2.9016002742383216,235.41941910749296,0.25575385565353664,225.14545454545456,0.08049434044064285
asphalt,50.14609012037221,4.137016593294284,50.4792867324677,0.6396086932905352,48.953715935383364,1.229048242049716,48.953715935383364,1.229048242049716,235.55970468672692,0.2151921084908904,224.64666666666668,0.05906681715555173
grass,18.072789923854607,24.109454325103844,50.23172493541942,0.4221273104575126,48.814077000823,0.4465747138173542,48.814077000823,0.4465747138173542,235.20905776794177,0.4307302578784196,223.8486486486487,0.1463457986019639
