scenario,radar_mean,radar_std,radar_nz_mean,radar_nz_std,lidar_mean,lidar_std,lidar_nz_mean,lidar_nz_std,baro_mean,baro_std,gnss_mean,gnss_std
grass with reflector,11.307332577912703,28.05430862562177,80.91024644639757,0.3870601662829568,63.68434016253324,18.03323970188006,65.21890257608825,15.262743776212075,271.7101015759246,0.2737649800468163,254.9625,0.09921567416493161
forest,40.49524128488648,33.88471468993795,68.53040832826943,4.6692676592747855,38.426610455899855,30.044922491808837,52.75517706657437,21.986139208300283,271.42313178056645,0.2386982994486251,255.4688524590165,0.13615442487113275
lake,29.02353943649091,40.27622620792867,84.8380383528196,2.558895657166262,68.86275162966787,10.324027875942384,68.86275162966787,10.324027875942384,270.5374383559337,0.3260844510933724,254.29500000000002,0.11317390747575877
asphalt with reflector,20.03449477735897,34.27733275766451,78.64604864729212,1.6370238575869078,40.53249052666907,27.007636445750393,47.82339583481992,22.626132233646583,270.52883549772156,0.4219714915727774,254.0465753424658,0.2770105540647055
asphalt,18.503345088557797,33.45989623226467,78.99505018576598,1.0651746446843153,38.834727251020254,31.71338977493599,53.45485986316905,24.553067797325415,269.95886011680494,0.398820107621198,253.47272727272724,0.16380462729381165
grass,3.9733331548342914,17.263767832847687,78.96999645233154,1.0063057268848972,68.6742197605187,8.700435812762061,68.6742197605187,8.700435812762061,269.3705409943569,0.4091277054260154,251.84761904761902,0.1283066055743575
