scenario,radar_mean,radar_std,radar_nz_mean,radar_nz_std,lidar_mean,lidar_std,lidar_nz_mean,lidar_nz_std,baro_mean,baro_std,gnss_mean,gnss_std
grass with reflector,5.079738450845871,0.5768115762031578,5.079738450845871,0.5768115762031578,5.3902638709772726,0.09041692353234893,5.079738450845871,0.09041692353234893,181.52074381759743,0.378329149103948,177.59830508474582,0.1545814747860368
asphalt_reflector,8.693173648543008,0.7366685693000119,8.693173648543008,0.7366685693000119,5.619865184504926,0.10002642355988997,8.693173648543008,0.10002642355988997,181.51836318814355,0.2411105491641515,178.33478260869566,0.09901849769587125
grass,5.609314852026432,0.5368189946484643,5.609314852026432,0.5368189946484643,5.6924349006417145,0.021428608841106,5.609314852026432,0.021428608841106,181.6644545213717,0.21549746572470302,182.74383561643833,0.5419362297241539
